X,y
71.jpg,1
461.png,1
495.png,1
550.png,1
681.jpg,1
736.png,1
1161.png,1
1597.png,1
2098.jpg,1
2226.png,1
2588.png,1
2875.jpg,1
2987.png,1
3571.png,1
3862.jpg,1
4081.png,1
5836.png,1
5994.png,1
6503.jpg,1
6775.jpg,0
6836.jpg,1
7038.jpg,0
7214.jpg,0
7914.jpg,1
8176.jpg,1
8330.jpg,1
8508.png,1
8624.jpg,1
8636.jpg,1
8873.png,1
8983.jpg,1
9226.png,1
9299.jpg,1
9522.png,1
9963.png,1
10015.png,1
10122.jpg,1
10150.jpg,1
10288.jpg,1
10377.jpg,1
10439.png,1
10542.png,1
10580.png,1
10772.png,1
10927.png,1
10963.png,1
11139.png,1
11725.png,1
11785.png,1
12104.jpg,1
12496.png,1
12530.png,1
12594.png,1
12975.jpg,1
13209.jpg,1
13483.png,0
13732.png,1
13873.png,1
13907.png,0
13931.png,0
14179.png,1
14482.png,1
14631.png,1
15289.jpg,1
15502.jpg,1
15563.jpg,0
15590.jpg,1
15839.png,1
15882.jpg,1
16682.jpg,1
17142.png,1
17256.png,1
17361.jpg,1
17570.jpg,1
18000.png,1
18087.png,1
18129.png,1
18283.png,1
18519.png,1
18600.png,1
18997.png,1
19197.png,1
19203.png,1
19387.png,0
19735.png,1
20112.png,0
20370.png,1
20401.png,1
20424.png,1
21327.jpg,1
21364.jpg,0
21547.png,0
21787.png,1
21946.png,1
22200.png,1
22521.jpg,1
22603.png,1
22935.png,1
23098.jpg,1
23171.jpg,1
23339.jpg,1
23390.jpg,0
23414.jpg,0
23451.png,1
23618.jpg,1
23913.jpg,1
23982.jpg,1
24051.png,1
24179.jpg,1
24793.png,1
25164.jpg,1
25240.png,1
25358.png,1
25865.png,1
25943.png,1
26079.jpg,1
26194.png,1
26269.png,1
26790.png,1
26832.png,1
26906.png,1
27177.png,1
27287.png,1
27538.jpg,1
27606.png,1
27617.png,1
27940.png,1
27969.jpg,1
28265.jpg,0
28353.jpg,1
29408.jpg,0
29684.jpg,0
29960.png,1
29986.png,1
29994.jpg,0
30503.png,1
30622.png,0
30669.png,0
30763.png,0
30842.jpg,0
31136.jpg,1
31199.jpg,1
32397.jpg,1
32586.jpg,1
32644.jpg,1
32721.png,0
33205.jpg,1
33428.png,1
33476.jpg,1
33589.jpg,1
34190.png,1
34219.png,1
34294.png,1
34315.jpg,1
34480.png,0
34508.png,1
34642.jpg,1
34698.png,1
35185.jpg,1
35355.png,1
35678.png,1
35778.png,1
36229.jpg,1
36276.png,0
36328.jpg,0
36472.png,1
36677.png,1
36731.png,1
37577.jpg,1
37589.jpg,1
37755.jpg,1
37757.jpg,1
37904.png,1
37905.png,0
38203.png,1
38429.png,0
38474.jpg,1
38576.png,0
39528.png,0
39813.jpg,0
40379.jpg,1
40609.jpg,1
40671.jpg,1
41138.jpg,1
41158.jpg,1
41437.jpg,1
41551.jpg,1
41685.png,1
41729.png,1
41846.png,1
42021.png,1
42191.png,1
42706.png,1
42719.png,1
42748.png,1
43573.png,1
43913.png,1
43977.png,1
44167.png,1
44891.png,1
45093.png,1
45795.jpg,0
46050.jpg,1
46719.png,0
46869.png,1
47263.jpg,1
47470.jpg,1
47485.jpg,1
47620.jpg,1
47636.png,0
47875.jpg,0
48121 .jpg,0
48399.jpg,1
48435.jpg,1
48758.jpg,1
48981.jpg,1
49087.jpg,1
49462.png,1
49858.png,1
49902.png,1
49915.png,1
50152.png,1
50576.jpg,1
50766.jpg,1
50920.jpg,1
51471.png,1
51678.png,1
51699.png,1
51856.png,1
51873.png,1
51884.png,1
52423.png,1
52685.png,1
52896.png,1
53060.png,1
53879.jpg,1
54060.jpg,1
54451.png,0
54482.png,1
54490.jpg,1
54602.png,1
54760.png,1
55282.jpg,1
55491.jpg,0
55714.png,0
56096.png,1
56707.jpg,1
57163.png,1
57372.jpg,1
57800.jpg,1
57806.png,1
57915.png,1
58025.png,1
58201.png,1
58268.png,1
58329.png,1
58678.png,1
58725.jpg,1
58794.jpg,1
58824.png,1
59048.png,1
59142.png,1
59352.png,1
59482.png,1
59501.jpg,1
59914.png,1
60067.png,1
60125.png,1
60314.png,1
60396.jpg,1
60599.jpg,1
60686.png,1
60705.png,1
60958.jpg,1
61144.png,1
61182.png,1
61343.jpg,1
61916.jpg,1
62030.png,1
62187.jpg,1
62213.jpg,1
62232.jpg,0
62323.jpg,1
62404.jpg,0
62447.png,1
63197.png,0
63475.png,0
64171.jpg,1
64185.jpg,1
64210.jpg,0
64488.jpg,0
64867.png,0
65009.jpg,1
65326.jpg,1
65554.jpg,1
65574.png,1
65704.jpg,1
66877.jpg,1
67089.png,1
68111.png,1
68171.png,1
68710.png,1
69277.png,1
69341.png,1
69419.png,1
69547.png,1
70303.jpg,1
70363.jpg,0
70533.jpg,0
70978.jpg,1
71287.jpg,1
71613.png,0
71834.jpg,0
71942.png,1
71964.png,1
73385.jpg,0
73468.jpg,1
73563.png,0
73616.jpg,0
73664.png,1
73720.jpg,1
73741.png,1
73966.png,1
74102.jpg,1
74324.png,1
74540.png,1
74606.jpg,1
74654.png,1
75439.png,1
75654.jpg,1
75829.png,1
75944.png,1
75961.png,1
76045.png,1
76074.png,1
76106.png,1
76424.png,1
76490.png,1
76510.png,1
76726.png,1
76832.jpg,1
76856.png,1
77009.png,1
77073.png,1
77589.png,1
77631.png,1
78254.png,1
78316.png,1
79057.jpg,1
79129.png,1
79193.jpg,1
79357.png,1
79427.png,1
79606.png,1
79611.png,1
80282.png,1
80777.jpg,1
81115.png,1
81619.jpg,0
81628.jpg,1
81766.jpg,1
82132.jpg,1
82150.jpg,1
82160.jpg,1
82546.jpg,1
82700.jpg,1
82939.png,1
83199.png,1
83417.jpg,1
83894.png,1
84063.png,1
84263.png,1
84949.png,1
84975.png,1
85018.jpg,1
85421.jpg,1
85500.png,1
86132.png,1
86828.jpg,1
86859.jpg,1
87012.png,1
87340.png,0
87450.png,0
87821.png,0
88202.jpg,0
88225.jpg,1
88922.jpg,0
89516.jpg,0
89973.jpg,1
90037.jpg,1
90180.jpg,1
90483.jpg,1
90645.png,1
90690.jpg,1
90724.jpg,1
91082.png,0
91266.png,1
91268.jpg,1
91346.jpg,1
91396.png,1
91497.png,1
92087.jpg,1
92211.png,1
92227.png,1
92428.png,1
92607.png,1
92632.png,1
93855.png,1
93985.png,0
94884.jpg,1
94963.jpg,1
95132.jpg,1
95387.png,0
95637.png,0
95779.png,1
96427.jpg,0
96786.jpg,1
96871.png,0
97107.jpg,0
97112.jpg,1
97515.jpg,0
97789.jpg,0
98107.jpg,0
98156.jpg,1
98157.jpg,0
98242.png,1
98598.jpg,1
98616.png,1
98627.jpg,1
98758.jpg,1
98783.png,1
98988.png,1
99161.png,1
99183.jpg,1
99290.png,1
99301.png,1
99387.png,1
99623.png,1
99926.png,1
100094.png,1
100494.png,1
100627.png,1
100926.png,1
100992.jpg,1
101206.jpg,1
101681.png,1
101878.png,1
102627.jpg,1
102689.png,1
103001.png,0
103054.jpg,0
103147.jpg,1
103156.jpg,0
103248.jpg,1
103515.jpg,0
103747.png,1
104148.png,1
104467.png,1
104823.jpg,1
105037.jpg,1
105152.png,1
105165.png,0
105206.jpg,1
105283.png,0
105317.jpg,1
105498.jpg,1
106350.jpg,1
106353.jpg,1
106505.png,1
106670.png,1
107096.png,1
107331.png,1
107884.jpg,1
107929.png,1
108036.jpg,1
108665.png,1
108774.png,1
109210.png,1
109780.png,1
109798.png,1
110521.png,1
110555.png,1
110914.png,1
111051.png,0
111435.jpg,0
111754.png,1
111928.png,0
112443.png,1
112456.jpg,1
113065.jpg,0
113826.jpg,1
114424.jpg,0
114502.jpg,1
114774.jpg,1
114787.jpg,1
114887.jpg,1
115012.jpg,1
115208.png,1
115337.png,1
115453.png,1
115455.png,1
115507.png,1
115585.png,1
116246.jpg,1
116786.png,1
117052.png,1
117339.png,1
117367.jpg,1
117625.png,1
117842.png,1
118334.png,0
118683.png,1
118965.png,0
118983.png,1
119752.jpg,1
119848.png,1
119964.png,0
120013.png,1
120077.png,1
120207.jpg,1
120291.png,1
120900.png,0
121058.jpg,1
121074.png,1
121503.png,0
121556.jpg,1
121719.jpg,0
122101.jpg,0
122436.jpg,0
122441.jpg,1
122813.jpg,1
122854.jpg,0
123407.png,1
123537.jpg,1
124294.jpg,1
124465.png,1
124711.png,1
124851.png,1
125261.png,1
125308.png,1
125624.png,0
126092.png,1
126239.png,0
126764.png,1
127036.jpg,1
127212.jpg,0
127549.png,0
127917.jpg,1
127918.jpg,1
128400.png,0
128729.png,0
128788.png,1
128892.jpg,0
129204.png,0
129942.jpg,1
130036.jpg,1
130218.jpg,1
130395.jpg,1
130788.png,0
130974.png,0
131480.png,1
131528.png,1
132270.png,1
132303.jpg,1
132409.png,1
132557.jpg,1
132634.png,1
132873.jpg,1
132928.png,1
133068.jpg,1
133689.png,1
133999.jpg,1
134554.png,1
134708.jpg,1
135557.png,1
135774.jpg,0
136034.jpg,1
136636.png,1
136727.png,0
136768.jpg,1
136885.png,1
136928.png,1
137082.png,0
137183.png,0
137229.png,1
137239.jpg,1
137287.jpg,0
137325.png,1
137454.jpg,0
137517.png,0
137824.png,0
137936.png,1
138237.jpg,1
138259.jpg,1
138504.jpg,1
138745.jpg,1
139150.png,0
139237.jpg,1
139313.jpg,1
139341.jpg,1
139441.jpg,1
139586.jpg,1
139608.jpg,1
139848.png,1
140123.jpg,1
140144.jpg,1
140266.png,1
140308.jpg,1
140419.png,1
140474.jpg,1
140549.png,1
140888.png,1
141227.png,1
141414.png,1
141415.png,1
141721.png,1
141777.png,1
141854.png,1
141884.jpg,1
142734.png,0
142858.png,1
142967.png,1
143749.png,1
143971.jpg,0
144007.jpg,0
144119.jpg,1
145059.png,1
145300.png,1
145958.jpg,1
146043.jpg,1
146248.jpg,0
146664.jpg,1
146729.jpg,1
146869.png,1
147616.png,1
147840.png,1
147913.jpg,1
148916.jpg,1
149147.jpg,1
149158.png,0
149311.jpg,1
149401.png,1
149701.png,1
150095.png,1
150266.png,0
150286.png,1
150383.png,1
150509.png,1
150557.png,1
150559.jpg,1
150703.png,1
151124.png,0
151164.png,1
151239.png,0
151242.png,1
151373.png,1
151431.png,1
151725.png,0
152374.jpg,0
152604.png,1
152674.png,1
153391.png,1
153541.png,0
153596.png,0
153902.png,1
153907.png,1
154339.png,1
154526.png,1
154715.png,1
155201.jpg,0
155472.jpg,1
155766.jpg,1
155771.jpg,1
156121.jpg,1
156417.jpg,1
156526.png,1
156635.png,1
156895.jpg,1
156946.png,1
156969.png,1
157059.jpg,1
157274.png,1
157725.png,1
157924.png,1
158129.png,1
158480.png,1
158836.png,1
159013.png,1
159131.png,1
159609.png,1
160479.jpg,1
160529.jpg,1
160538.jpg,1
160657.jpg,1
160815.png,1
160860.jpg,1
161000.png,1
161421.png,0
161450.png,0
161606.jpg,1
162012.jpg,0
162078.jpg,1
162084.png,1
162195.png,1
162680.jpg,1
162722.jpg,0
162905.jpg,1
163483.jpg,0
163810.jpg,1
163962.jpg,1
164530.png,1
164693.png,1
164727.png,1
164819.jpg,1
164872.png,1
164919.png,1
165102.jpg,1
165165.jpg,1
165524.jpg,1
165955.png,1
165996.png,1
166053.png,1
166161.png,1
166384.jpg,1
166499.png,1
166601.png,1
166620.png,1
167534.jpg,1
167915.png,1
168669.jpg,0
168935.png,1
168997.png,0
169008.jpg,1
169441.png,1
170207.jpg,0
170220.png,0
170932.jpg,1
171335.png,0
171873.jpg,1
172003.jpg,0
172182.png,1
172342.png,1
172365.png,1
172507.jpg,1
172685.png,1
173231.png,1
173343.png,1
173532.png,1
173556.jpg,1
173789.png,1
173849.jpg,1
173905.png,1
174301.jpg,1
175069.png,1
175547.png,1
175622.jpg,1
176313.jpg,1
176477.jpg,1
176712.png,0
177479.png,0
177764.png,1
177914.png,0
178205.png,1
178444.png,0
178717.jpg,1
178731.jpg,1
178985.png,1
178992.jpg,1
179180.jpg,1
179907.jpg,1
179957.jpg,1
180206.png,1
180266.png,1
180472.jpg,1
180484.jpg,1
180603.jpg,1
180861.png,1
180930.jpg,1
181069.png,1
181077.jpg,1
181335.jpg,1
181484.jpg,1
181486.png,1
181506.png,1
182134.jpg,1
182521.png,1
182598.png,1
182652.png,1
182818.png,1
182829.jpg,0
183007.jpg,1
183215.png,1
183635.png,0
183671.jpg,1
183734.png,1
184084.png,1
184087.png,1
184140.png,1
184399.png,1
185487.png,1
185663.png,1
186020.png,1
186176.jpg,1
186264.png,1
186505.jpg,1
186535.png,0
186542.jpg,0
186632.jpg,0
187241.png,1
187913.jpg,0
187944.jpg,0
188198.jpg,1
188319.png,0
188439.jpg,1
188762.jpg,1
189039.png,1
189150.png,1
189622.png,1
189641.png,1
189663.jpg,1
189739.jpg,1
189928.png,1
190488.png,1
190671.png,1
190675.png,1
191018.png,1
191144.png,1
191320.png,1
191448.jpg,1
191509.jpg,1
191566.png,1
191575.jpg,1
191654.jpg,1
191706.png,1
192168.png,0
193215.jpg,1
193379.jpg,1
193412.jpg,1
193722.png,1
193747.jpg,1
194266.png,1
194267.png,1
194553.jpg,1
194600.png,0
195061.jpg,1
195103.jpg,1
195123.png,0
195232.jpg,1
195424.jpg,0
196103.jpg,1
196149.png,0
196213.jpg,0
196529.jpg,0
196640.png,1
196759.jpg,1
196857.png,1
196883.jpg,1
197410.png,1
197502.jpg,1
197902.png,1
197910.png,1
197924.jpg,1
197986.jpg,1
198038.jpg,1
198403.png,1
198687.png,1
198775.png,1
199207.png,1
199745.png,1
199985.png,1
200021.jpg,1
200075.png,1
200393.png,1
200724.jpg,1
200922.png,1
201309.jpg,1
201669.jpg,1
202066.png,1
202750.png,1
202755.jpg,1
202851.jpg,0
203031.png,1
203133.png,1
203260.jpg,1
203427.jpg,0
203696.jpg,0
203731.jpg,1
203789.jpg,1
203970.png,1
204310.png,1
204821.jpg,1
204885.jpg,1
204936.jpg,1
204970.jpg,1
205196.png,1
205859.png,1
205946.png,1
206161.png,1
206344.jpg,1
206562.png,1
206573.png,1
206730.png,1
206857.jpg,1
207283.jpg,1
207298.png,1
207534.jpg,1
207887.png,1
207930.png,1
208011.png,1
208455.png,1
208844.png,1
209060.png,1
209259.png,1
209728.jpg,1
209756.jpg,0
209759.jpg,0
210259.png,1
210889.jpg,1
211145.png,0
211243.png,0
211766.jpg,1
211801.jpg,1
211869.png,1
212044.jpg,1
212529.jpg,1
212559.jpg,1
212718.jpg,1
214666.jpg,1
214710.png,1
214716.png,1
214958.png,0
214980.jpg,1
215277.png,1
215794.jpg,1
215971.png,1
216405.jpg,1
216452.jpg,1
217035.png,1
217069.png,1
217190.png,1
218089.png,1
218238.png,1
218341.png,1
218477.png,1
218507.png,0
218738.png,1
218891.jpg,1
218935.jpg,1
219455.jpg,1
219959.jpg,1
220850.jpg,1
221068.jpg,0
221381.png,1
221417.jpg,1
221459.jpg,1
221485.png,1
221686.png,1
222090.png,1
222715.png,1
223020.png,1
223483.png,1
223528.png,1
223710.png,1
223799.png,1
223800.png,1
223930.png,0
224005.png,1
224155.png,1
224465.png,1
224523.jpg,1
224735.png,1
224821.png,1
224825.png,1
225066.png,1
225276.png,1
226167.jpg,1
226248.jpg,1
226354.png,0
226364.png,1
226659.png,1
226671.png,1
227149.png,0
227452.png,1
227522.png,0
228197.jpg,1
228361.jpg,1
228667.jpg,1
228759.jpg,0
228775.png,1
228908.jpg,0
228930.jpg,0
228993.jpg,1
229053.jpg,1
229469.jpg,1
229679.jpg,1
229733.jpg,1
229779.jpg,1
230080.jpg,1
230246.jpg,1
230636.jpg,1
230824.png,1
230865.png,1
232256.jpg,1
232565.png,1
233258.png,1
234018.png,1
234115.jpg,1
234540.jpg,0
234578.png,1
234590.jpg,1
234803.png,0
235026.png,1
235316.png,0
235330.png,0
235355.png,0
235441.png,0
235455.png,0
235465.jpg,1
235494.png,0
235550.jpg,1
235567.png,0
235586.png,1
235741.png,1
236173.jpg,1
236265.jpg,1
236345.jpg,1
236680.jpg,1
237187.jpg,1
237657.jpg,1
237746.png,1
237942.jpg,1
238106.png,1
238193.png,1
238547.png,1
238570.jpg,1
238694.png,1
239086.jpg,1
239438.png,1
240215.jpg,1
240367.png,1
240382.jpg,0
241199.jpg,1
241392.png,1
241745.png,1
241763.png,1
242662.jpg,1
242995.png,1
243104.png,1
243185.png,0
243218.png,1
243325.jpg,0
243333.png,1
243362.png,1
243458.jpg,0
243466.png,1
243507.png,0
243525.png,0
243965.png,0
244186.jpg,0
244356.jpg,0
244559.jpg,1
244817.jpg,1
244844.jpg,0
245046.jpg,0
245127.jpg,0
245380.jpg,1
245533.jpg,1
245551.jpg,1
245591.png,1
245708.jpg,1
245958.jpg,1
246347.png,1
246495.jpg,1
246526.jpg,1
247167.png,1
247253.png,1
247607.png,1
247612.png,1
248035.jpg,1
248202.jpg,1
248289.png,1
248340.png,1
248369.png,1
248430.png,1
248719.jpg,1
249797.png,1
250646.jpg,0
250837.jpg,1
250999.png,1
251037.png,0
251762.png,1
251840.jpg,1
251877.png,1
251960.png,0
252190.png,0
252567.jpg,1
252578.png,1
253462.png,1
253597.png,1
253697.jpg,0
253810.jpg,1
254152.png,1
254216.jpg,1
254331.jpg,1
254507.jpg,1
254830.png,1
254840.jpg,1
254888.jpg,1
255434.png,1
255776.jpg,1
256233.png,1
256365.png,1
257235.png,1
257730.png,1
257965.jpg,1
258625.jpg,0
258774.jpg,0
259192.png,1
259890.jpg,1
260130.jpg,0
260715.png,1
260931.png,1
261333.png,1
261514.jpg,0
261603.jpg,1
261771.jpg,1
262307.png,1
262419.png,1
262473.jpg,1
262674.png,1
262774.jpg,1
262864.png,1
263604.png,1
263684.png,1
264116.png,1
264138.png,1
264391.jpg,1
264510.png,1
264553.png,1
264621.png,1
264946.png,1
265396.jpg,1
265639.png,1
265793.png,1
266076.png,1
266223.png,1
266759.png,1
267170.jpg,1
267336.png,1
267478.png,1
267832.png,0
267998.png,1
268082.png,0
268526.png,1
268994.png,0
269605.jpg,0
269898.jpg,0
269924.jpg,1
269998.jpg,1
270144.png,0
270266.jpg,1
270300.png,1
270352.jpg,1
270509.jpg,1
271346.jpg,1
271808.png,1
272346.jpg,1
272525.png,1
272598.jpg,1
272625.jpg,1
272873.png,1
273049.png,1
273063.jpg,1
273287.jpg,0
274040.png,1
274334.png,1
274602.png,1
275854.jpg,1
275883.png,0
276068.jpg,1
276155.png,1
276185.jpg,1
276350.png,1
276392.png,1
276887.png,1
276929.jpg,0
276948.jpg,0
277000.jpg,1
277047.png,1
277057.jpg,1
277346.jpg,0
277373.jpg,1
277414.png,0
277935.jpg,1
278279.png,0
278620.jpg,1
278699.jpg,1
279139.png,1
279447.png,1
280067.png,1
280305.jpg,1
280457.png,1
280755.png,1
281626.png,1
281702.png,1
281731.png,1
281982.png,0
282065.jpg,1
283799.png,1
284094.png,1
284620.png,0
285415.png,1
285532.jpg,0
285558.jpg,1
285585.jpg,1
285885.jpg,1
286299.jpg,1
286486.jpg,1
286730.png,1
286769.jpg,1
288119.png,1
288303.png,1
288331.jpg,1
288443.png,0
288586.png,1
288883.png,1
289023.png,1
289137.png,1
289226.png,1
289272.png,1
289354.png,1
289972.png,1
289974.png,1
289996.png,1
290077.png,1
290120.png,1
290550.jpg,1
290934.png,1
291589.jpg,1
291695.jpg,0
291924.png,1
292025.png,1
292026.png,0
292609.png,1
292713.png,1
293062.png,0
293169.png,1
293559.jpg,1
293566.jpg,0
293674.jpg,1
293948.jpg,1
294091.jpg,1
294425.jpg,0
294438.png,1
294873.png,0
294915.jpg,1
295099.jpg,1
295246.jpg,1
295390.png,1
295497.png,1
295732.png,1
295818.png,1
295825.png,1
296010.png,1
296094.png,1
296124.png,1
296153.png,1
296372.png,1
296552.jpg,1
296909.jpg,1
297216.jpg,1
297424.png,1
297750.png,1
297858.png,1
297947.png,1
297957.png,1
298098.png,1
298528.png,0
298574.png,0
298773.jpg,1
298789.jpg,1
298822.png,1
298974.png,1
299066.png,1
299247.png,0
299282.jpg,1
299645.jpg,0
299725.jpg,1
299774.jpg,1
299859.jpg,0
300123.jpg,1
300595.jpg,1
300972.png,1
301096.jpg,1
301128.jpg,1
301156.png,1
301543.jpg,0
301839.png,0
301891.jpg,0
301979.png,1
302571.jpg,1
302798.jpg,1
302853.png,1
302873.jpg,1
302959.jpg,0
303009.jpg,1
303151.jpg,1
303364.png,1
303523.png,1
303572.png,1
303697.jpg,1
303746.png,1
303757.png,1
304572.png,1
304881.png,1
304917.jpg,1
304963.png,1
305167.jpg,1
305217.jpg,1
305799.png,1
305927.png,1
305996.jpg,1
306642.png,1
306874.png,1
307903.jpg,1
307989.jpg,1
308205.png,0
308346.jpg,0
308393.png,1
308523.png,0
308530.jpg,1
308646.png,1
308960.png,1
309607.jpg,1
309678.png,1
310119.jpg,0
310147.jpg,0
310728.jpg,1
310922.jpg,1
311425.jpg,1
311481.jpg,1
311574.png,1
312145.png,1
312152.jpg,1
312357.png,1
312381.jpg,1
312464.jpg,1
312660.png,1
312825.png,1
313218.png,1
313472.jpg,1
313592.jpg,1
313597.png,1
313678.jpg,1
313813.png,1
313931.png,1
313996.png,1
314040.png,1
315261.png,1
315973.jpg,0
316281.jpg,1
316308.jpg,0
316576.png,0
316628.png,1
316840.png,0
317195.png,0
317251.png,0
317549.jpg,1
317863.png,1
318074.jpg,1
318297.jpg,1
318321.jpg,1
318622.jpg,1
319853.jpg,1
320194.png,1
320200.png,1
320290.jpg,1
320856.png,1
320862.jpg,1
321042.png,1
321288.png,0
321659.png,1
321757.jpg,0
322066.png,1
322078.png,1
322530.png,1
322608.jpg,1
322831.png,1
322965.jpg,1
323825.png,0
324307.jpg,1
324405.jpg,1
324422.jpg,1
325101.png,1
325185.png,1
325297.png,1
325482.png,1
325557.png,0
325574.png,1
325752.png,1
326354.jpg,1
326484.jpg,0
326902.jpg,1
327023.jpg,0
327236.png,1
327378.jpg,1
327487.png,0
327496.jpg,1
327501.png,1
327504.jpg,1
327513.jpg,1
327800.jpg,1
328194.jpg,1
328304.jpg,1
328705.jpg,1
328922.png,1
329234.jpg,1
329343.jpg,1
329769.png,1
329980.png,1
330254.jpg,1
330263.png,1
330470.png,1
330586.png,1
330679.png,1
330817.png,1
330879.png,1
331030.png,1
331139.jpg,0
331266.jpg,1
331698.jpg,1
332690.jpg,1
332699.png,1
332757.jpg,1
332927.jpg,0
333312.png,1
333391.png,0
333564.jpg,0
334098.png,1
334182.jpg,1
334334.jpg,1
334418.png,0
334426.jpg,1
334491.jpg,1
334503.jpg,1
334560.jpg,1
334574.jpg,1
334653.jpg,1
334837.jpg,1
335074.jpg,1
335381.png,1
335535.jpg,1
335718.jpg,1
335943.jpg,1
336293.png,1
336408.png,1
336510.jpg,1
336628.png,1
336695.png,1
337248.jpg,1
337255.jpg,1
337272.jpg,1
337354.png,1
337471.png,1
337539.png,1
337597.png,0
337677.png,1
337961.png,1
338443.jpg,0
338482.png,1
338617.png,1
338935.png,1
339021.png,1
339036.png,1
339234.png,1
339912.png,1
339998.jpg,1
340079.png,1
340718.jpg,1
340852.jpg,1
341085.jpg,1
341252.png,0
341360.png,0
342117.jpg,1
342233.jpg,1
342240.png,0
342412.png,0
342472.jpg,1
342692.jpg,0
342809.png,1
343052 .jpg,1
343166.jpg,1
343227.jpg,1
343425.jpg,0
343445.jpg,1
343935.jpg,1
344135.jpg,1
344392.png,1
344579.jpg,1
344848.png,1
344900.jpg,1
345051.jpg,1
345415.jpg,1
345878.jpg,1
345955.png,1
346062.png,1
346159.png,1
346434.png,1
346464.png,1
346726.png,1
346764.png,0
347059.png,1
347273.png,1
347301.png,1
347623.png,1
348292.png,1
348456.png,1
348533.png,1
348971.jpg,1
348976.jpg,1
349569.png,1
349633.png,0
350228.png,1
350574.jpg,1
350797.png,0
350885.jpg,0
351230.jpg,0
351396.jpg,1
351430.jpg,1
351530.jpg,1
351617.jpg,0
351943.jpg,1
352375.jpg,1
352539.png,1
352773.jpg,1
352993.png,1
353480.png,1
353579.png,1
353712.jpg,1
354284.png,1
354658.png,1
354693.png,1
355012.jpg,0
355679.png,1
355732.png,1
355897.png,1
356282.png,1
356315.jpg,1
356900.png,1
356964.jpg,0
357024.jpg,1
357125.jpg,0
357198.jpg,1
357277.jpg,0
357628.png,0
358676.png,0
359144.png,1
359314.jpg,1
359759.png,0
359906.jpg,1
360071.jpg,1
360136.jpg,0
360323.jpg,1
360491.jpg,1
360550.jpg,1
360591.jpg,1
360826.png,1
361219.png,1
361479.png,1
361594.jpg,1
361812.png,1
362118.png,1
362136.png,1
362211.png,1
362241.png,1
362331.png,1
362568.png,1
362618.png,1
363490.png,1
364241.png,1
364506.png,1
364631.png,1
364658.png,1
364672.jpg,1
364766.png,1
364790.png,1
365248.jpg,1
365305.jpg,1
365392.jpg,1
365467.jpg,0
365521.jpg,1
365713.jpg,1
365719.png,0
365975.png,1
366070.png,0
366139.png,0
366370.png,1
366520.png,1
366724.png,0
366987.jpg,1
367066.jpg,1
367583 .jpg,1
367589.png,0
367784.jpg,1
367803.jpg,1
368454.jpg,1
368701.jpg,1
368943.jpg,1
369052.png,1
369524.png,0
369683.jpg,1
369716.png,1
370090.jpg,1
370192.png,1
370388.jpg,1
370463.jpg,1
370629.png,1
370635.png,1
370648.png,1
370706.png,1
370861.png,1
370875.png,1
370882.png,1
371433.jpg,0
371551.png,1
371584.png,1
371647.jpg,1
371649.png,1
371723.png,1
371780.png,1
371932.png,1
372224.png,1
372475.png,1
372572.png,1
372738.jpg,1
373300.jpg,0
373355.jpg,0
373371.jpg,1
373702.jpg,0
373730.png,0
373732.png,0
374005.png,0
374832.png,0
375041.jpg,1
375053.png,1
375566.png,1
375646.jpg,0
375849.jpg,1
376033.png,1
376199.jpg,1
376372.png,1
376596.jpg,0
376817.jpg,1
377031.png,1
377155.png,1
377556.png,1
377691.png,1
377817.png,1
377885.png,1
378089.png,1
378391.png,1
378523.png,1
378606.png,1
378673.png,1
378857.png,1
379183.png,1
379313.png,1
379594.jpg,1
379658.png,1
379892.jpg,1
379970.png,1
380904.jpg,1
381100.png,1
381418.jpg,1
382013.png,1
382287.png,1
382297.jpg,1
382604.png,1
382822.png,0
383390.jpg,1
383918.jpg,0
384304.jpg,1
384515.jpg,1
384727.jpg,1
384855.png,1
385077.png,1
385132.jpg,1
385235.jpg,1
385285.jpg,1
385308.jpg,1
385756.jpg,1
385890.png,1
386057.jpg,1
386099.jpg,1
386125.png,1
386134.png,1
386417.jpg,1
386533.jpg,1
386762.png,1
386968.jpg,1
386999.png,1
387050.png,1
387143.jpg,1
387188.jpg,1
387586.png,1
387609.png,1
387940.png,1
388554.jpg,1
390019.jpg,0
390595.png,0
390995.jpg,1
391303.png,1
391842.jpg,0
391871.png,0
392138.jpg,1
392823.jpg,0
393572.jpg,1
393887.png,1
394018.png,1
394197.jpg,1
394377.png,1
394810.png,1
394881.png,1
394980.jpg,1
395170.jpg,1
395765.jpg,1
396206.png,1
396294.png,1
396382.jpg,1
396611.png,1
397192.png,0
397335.png,1
397517.jpg,1
397795.png,0
397833.jpg,1
398082.jpg,1
398360.png,0
398463.png,1
398465.png,1
398512.png,1
398741.png,1
398773.png,1
398926.png,1
399535.png,0
399893.png,1
400329.jpg,1
400613.jpg,0
401372.jpg,1
401679.jpg,1
401723.jpg,1
401898.png,1
401901.png,1
402002.png,1
402237.jpg,1
402337.png,1
402367.png,1
402403.png,1
402488.png,1
402582.jpg,1
402654.png,1
402769.jpg,1
403007.png,1
403236.jpg,1
403309.jpg,1
403514.png,1
403528.png,1
403550.png,1
403804.png,1
403962.png,1
404023.jpg,1
404052.png,1
404203.png,1
404530.jpg,1
404703.png,1
404856.png,0
405308.png,1
405325.png,1
405642.png,1
405658.png,1
406009.jpg,0
406489.jpg,0
406571.png,1
406722.png,1
406729.png,1
406737.png,1
407104.png,0
407128.png,1
407334.png,0
407578.png,0
408019.jpg,1
408195.jpg,1
408353.png,1
408463.jpg,0
408544.jpg,0
408869.jpg,1
409457.jpg,0
409817.png,1
409915.png,1
409924.jpg,1
410133.jpg,1
410357.png,1
410474.png,1
410749.png,1
411110.jpg,1
411289.jpg,1
411704.png,1
411743.png,1
412079.png,1
412565.png,1
412952.png,1
413485.png,0
414488.jpg,1
414628.jpg,0
414677.png,0
415377.png,1
415665.png,0
415879.jpg,1
416111.jpg,1
416271.jpg,1
416320.png,1
416418.jpg,1
416724.jpg,1
417740.jpg,1
418675.png,1
418735.jpg,1
418913.jpg,1
419160.jpg,1
419513.png,1
419514.png,1
419555.png,1
419590.jpg,1
419707.png,1
420932.jpg,1
421405.jpg,1
422277.jpg,1
422540.jpg,1
422543.jpg,1
422647.jpg,1
422663.jpg,1
422877.jpg,0
422928.png,1
423504.png,0
423530.png,0
423764.png,1
423788.png,0
424052.png,1
424295.png,1
424378.jpg,1
424975.png,0
425078.png,0
425448.png,0
426390.jpg,1
427075.png,1
427401.png,1
427551.jpg,1
428359.png,1
428532.png,1
428610.png,0
428874.png,1
429073.png,1
429773.jpg,0
430009.png,1
430721.jpg,1
430893.jpg,1
431134.jpg,1
431385.jpg,1
431513.jpg,1
431540.png,1
432826.jpg,1
432904.jpg,1
433688.png,0
433858.jpg,1
434680.png,1
434690.png,1
434749.png,1
434957.png,1
434977.png,1
435806.jpg,1
435987.png,1
436128.png,1
436773.png,1
436982.png,1
437190.jpg,1
437456.png,1
437805.png,1
437913.png,1
438035.png,1
438679.jpg,1
438703.png,1
438726.jpg,1
438963.jpg,0
438994.jpg,1
439003.jpg,0
439327.png,0
439957.png,0
440345.png,1
440474.jpg,0
440789.jpg,1
441026.jpg,1
441155.jpg,1
441693.jpg,1
441708.jpg,1
442113.jpg,1
442726.png,1
442939.jpg,1
443424.png,1
443611.jpg,1
443897.png,1
443993.png,1
444169.jpg,1
444276.jpg,1
444277.png,1
444650.png,1
445802.jpg,1
446076.png,1
446962.png,1
447055.png,0
447191.jpg,0
447547.png,1
447919.jpg,0
448067.png,1
448128.jpg,0
448145.jpg,1
448965.png,1
449461.jpg,1
450134.jpg,1
450668.jpg,1
450834.png,1
451140.jpg,1
451339.png,1
451684.png,1
451739.jpg,1
452352.png,1
452370.jpg,1
452485.jpg,1
452582.png,1
452798.png,1
452987.png,1
453100.jpg,1
453357.png,1
453372.png,0
453432.png,1
453810.jpg,1
454645.png,0
455506.jpg,0
455511.jpg,0
455591.jpg,0
455693.jpg,1
455829.jpg,0
455903.jpg,1
455943.png,1
456229.png,1
456271.png,1
456517.png,0
456547.png,1
456564.png,0
456906.jpg,1
457347.jpg,0
457503.jpg,1
457543.jpg,1
458135.png,1
458459.jpg,1
458571.png,1
458601.jpg,1
458824.jpg,1
458925.png,1
459154.png,1
459406.jpg,1
459936.jpg,1
460179.jpg,1
460195.jpg,1
461145.jpg,1
461627.jpg,1
461684.png,1
461712.jpg,0
461739.jpg,1
461921.png,1
462043.png,1
462145.png,1
462225.png,1
462447.png,1
462476.png,1
462953.jpg,1
463743.jpg,1
463907.png,1
463969.jpg,1
464003.jpg,1
464144.png,0
464605.png,0
464617.png,0
464659.jpg,0
465038.png,0
465418.png,0
465470.jpg,1
466786.jpg,1
466816.jpg,1
467233.jpg,1
467240.jpg,1
467329.png,1
468212.jpg,1
468366.png,1
468415.jpg,1
468524.png,1
468597.png,1
468895.png,1
469238.png,1
469276.png,1
469358.png,1
469407.png,1
469426.png,1
469604.jpg,1
469963.png,1
469984.jpg,1
470250.png,1
470346.png,1
470455.jpg,1
470535.png,1
470641.jpg,1
470743.png,1
470792.jpg,1
470832.png,1
470864.png,1
470925.jpg,1
471875.jpg,0
471987.jpg,1
472381.png,1
472473.png,1
472576.jpg,1
472589.png,0
472597.jpg,1
473021.png,1
473053.jpg,0
473108.png,0
473291.jpg,1
473334.png,0
473461.png,1
474075.jpg,0
474216.jpg,0
474274.png,1
474341.jpg,1
474495.jpg,1
474936.png,1
475119.jpg,1
475150.jpg,1
475266.jpg,1
475426.png,1
476010.png,1
476211.png,1
476247.png,1
476261.png,1
477133.jpg,1
477271.jpg,1
477304.png,1
477653.png,1
477823.png,1
478189.png,1
478683.png,0
478948.png,1
479227.png,1
479280.jpg,1
480136.jpg,0
480770.png,0
480818.png,1
480868.jpg,1
481108.png,0
481367.jpg,1
481619.jpg,0
481670.png,0
481915.jpg,1
481930.jpg,1
483376.png,1
483830.png,1
484044.jpg,1
484915.jpg,1
484934.png,1
484993.png,1
485094.png,1
485106.png,1
485296.png,1
485367.png,1
485376.png,1
485396.png,1
485830.jpg,1
486353.png,1
486907.png,1
486972.jpg,1
488030.jpg,0
488587.png,0
488722.png,0
489553.jpg,1
489696.png,0
489847.jpg,1
490028.png,1
490417.jpg,1
490436.jpg,1
490534.jpg,1
491176.jpg,1
491278.jpg,0
491287.jpg,1
491399.jpg,1
491526.jpg,1
492060.jpg,1
492286.jpg,1
492353.jpg,1
492568.png,1
493138.png,1
493437.jpg,1
493874.png,1
494197.png,1
494442.png,1
494716.jpg,1
495163.png,1
495234.jpg,1
496350.jpg,1
496444.jpg,1
496484.jpg,1
496530.jpg,1
496699.png,1
496917.png,1
496954.png,1
497085.png,1
497130.jpg,0
497526.png,0
497671.jpg,1
498029.jpg,1
498119.jpg,1
498385.jpg,1
498449.jpg,0
498584.jpg,0
498797.png,1
498991.jpg,1
499397.png,0
499700.jpg,1
499912.png,1
499933.png,1
500375.jpg,1
500508.png,1
500699.png,1
500718.jpg,1
500763.jpg,1
501036.png,1
501220.png,1
501264.png,1
501427.png,1
501569.png,1
501631.png,1
501694.jpg,1
501757.jpg,1
502124.jpg,1
502200.jpg,1
502347.jpg,1
502496.png,1
502892.jpg,1
503679.png,1
503775.png,1
504715.jpg,1
504925.jpg,1
504938.png,1
505319.png,1
505411.png,0
505465.jpg,1
505672.png,0
505710.png,0
506100.jpg,1
506368.jpg,1
506553.jpg,1
506692.jpg,0
506954.jpg,0
507060.jpg,1
507141.jpg,1
507182.jpg,0
507553.jpg,1
507794.jpg,1
507918.jpg,1
508107.jpg,1
508707.jpg,1
508780.png,1
508880.png,1
509127.png,1
509195.png,1
509254.png,1
509351.png,1
509366.jpg,1
509776.png,1
510326.png,1
510355.png,1
510447.png,1
510570.png,1
510707.jpg,1
511045.png,1
511350.png,1
511542.png,1
511698.png,1
511759.png,1
512030.png,1
512059.png,1
512514.jpg,1
513587.png,0
513848.png,1
514033.jpg,1
514061.png,0
514141.png,0
514354.png,0
514673.jpg,1
514944.jpg,0
515259.png,1
515743.jpg,1
515827.jpg,1
515918.png,0
515936.png,1
516144.jpg,1
516161.png,1
516297.png,0
516298.png,1
516324.png,1
516596.jpg,1
516735.png,1
517275.png,1
518100.png,1
518105.jpg,1
518215.jpg,1
518243.png,1
518358.png,1
518526.png,1
518568.png,1
518751.jpg,1
519050.png,1
519390.jpg,1
519865.png,1
519891.png,1
520160.jpg,1
520168.png,1
520596.png,0
520649.png,1
521300.jpg,0
521384.png,1
521709.png,1
522678.jpg,1
522723.png,1
523335.jpg,0
523406.jpg,1
523481.jpg,1
523700.jpg,1
523749.png,0
523906.jpg,1
524005.png,1
524179.jpg,1
524334.jpg,1
524564.jpg,1
524905.jpg,1
524968.png,1
525160.png,1
525166.jpg,1
525408.png,1
525523.png,1
525975.jpg,1
526278.png,1
526730.png,1
526781.png,1
527066.png,1
527224.png,1
527542.png,1
527651.png,0
528420.png,1
528724.png,1
529061.jpg,1
529132.jpg,1
529440.jpg,0
529896.png,1
530414.png,0
531238.jpg,0
531352.jpg,0
532061.png,0
532575.jpg,1
532905.png,1
533098.png,1
534012.png,1
534136.jpg,1
534483.png,1
534563.jpg,1
534609.png,1
535159.jpg,1
535811.png,1
536127.png,0
536542.png,1
537409.jpg,0
537565.jpg,0
537732.jpg,0
537759.png,0
538002.png,0
538238.png,0
538331.png,1
538377.png,1
538817.jpg,1
538843.jpg,0
538926.jpg,0
539097.jpg,1
539176.jpg,1
539228.png,0
539298.jpg,1
539309.jpg,1
539381.jpg,1
539481.jpg,1
539835.png,0
540043.jpg,0
540048.jpg,1
540687.jpg,1
540767.jpg,1
540814.jpg,1
540999.jpg,1
541651.jpg,1
541666.png,1
541923.jpg,1
542698.png,1
542800.jpg,1
543030.png,1
543055.png,1
543156.png,1
544039.jpg,1
545322.png,1
545857.jpg,1
546162.png,1
546272.png,1
546697.jpg,1
546701.png,0
546825.png,1
546845.png,0
546997.jpg,1
547066.png,0
547272.jpg,1
547378.jpg,0
547427.png,1
547802.png,0
548181.jpg,1
548189.jpg,1
548979.jpg,1
549004.jpg,1
549038.png,0
549052.png,1
549093.png,1
549601.png,1
550007.png,1
550349.jpg,1
550363.jpg,1
550424.png,0
550726.png,1
550821.png,1
551299.png,1
551493.png,1
551666.png,1
551712.png,1
551739.png,1
551948.png,1
552197.jpg,1
552977.png,1
553725.jpg,1
553784.jpg,1
554145.png,0
554385.png,1
554460.png,0
554752.png,1
554803.png,0
554867.png,0
554876.png,0
554997.png,0
555081.jpg,0
555095.png,1
555250.jpg,1
555350.png,1
555422.jpg,1
555447.jpg,1
555499.jpg,1
555678.jpg,1
555990 .png,1
556202.jpg,0
556556.jpg,1
557028.jpg,1
557398.jpg,1
557412.jpg,1
557577.png,1
557607.png,1
557666.jpg,1
558301.png,1
558441.jpg,1
558455.png,1
558638.png,1
558688.png,1
558825.png,1
559398.png,1
559420.png,1
559551.png,1
559828.jpg,1
559935.png,1
560207.png,1
560553.jpg,0
560751.png,0
560973.png,0
561030.png,1
561282.png,1
561415.png,0
562302.png,0
562376.png,1
562426.jpg,1
562444.png,1
562625.jpg,0
563026.png,1
563229.png,0
563268.png,1
563418.png,0
563703.png,1
563894.jpg,1
563904.png,1
563917.jpg,0
563971.jpg,0
564015.jpg,1
564499.jpg,1
564764.png,1
565120.jpg,1
565479.jpg,1
565608.jpg,1
565609.jpg,1
566036.jpg,1
566322.png,1
566346.png,1
566524.png,1
567162.png,1
567182.jpg,1
567559.jpg,1
568002.png,1
568209.png,1
568236.png,1
568542.png,1
568633.png,0
568929.png,1
569632.jpg,1
569769.png,1
570030.jpg,1
570033.jpg,1
570130.jpg,1
570555.png,0
570624.png,1
570726.png,1
571054.png,0
571056.png,1
571111.png,0
571597.jpg,1
571704.jpg,1
572212.png,0
572292.jpg,0
572362.jpg,1
572399.jpg,1
572552.jpg,0
572708.png,0
572711.png,0
573051.jpg,0
573587.jpg,1
573623.jpg,1
573829.png,1
574031.jpg,1
574122.png,1
574125.png,1
574225.png,1
574277.jpg,1
574321.png,1
574365.png,1
574978.png,1
575135.png,1
575335.png,1
575434.png,1
575494.jpg,1
575688.jpg,1
575829.jpg,1
575876.png,1
575886.jpg,1
575994.png,1
576498.jpg,1
576631.png,1
576689.png,1
576760.png,1
576868.jpg,1
576893.png,1
576926.png,1
577197.png,1
577475.png,1
578279.jpg,0
578531.png,0
578825.jpg,1
579912.jpg,1
580218.png,0
580244.jpg,0
580392.jpg,1
580408.png,0
580678.jpg,0
581993.jpg,1
582046.png,1
582173.png,1
582546.jpg,1
582770.png,1
583159.png,1
583345.png,1
583363.png,1
583486.png,1
583966.png,1
584275.png,1
584456.jpg,1
584851.png,1
584852.png,1
584869.png,1
584993.png,1
584995.png,1
585038.png,1
585289.png,0
585326.png,1
585719.png,1
586244.jpg,1
586368.jpg,1
586664.jpg,1
586872.png,0
587156.jpg,0
587222.png,1
587449.png,1
587500.png,0
587505.png,0
587537.png,1
587616.png,0
587656.png,1
587810.png,0
588264.jpg,1
588357.jpg,1
588926.jpg,0
589401.png,1
589824.png,1
590722.png,1
590976.png,1
591456.png,1
591585.png,1
591828.png,1
592004.png,1
592449.png,1
592806.jpg,1
592854.png,1
592867.png,1
593609.jpg,1
594548.jpg,0
594924.jpg,1
595185.png,0
595216.png,0
595378.png,1
595655.png,1
595702.png,1
596324.png,1
596565.png,0
596718.png,1
596854.jpg,1
596972.jpg,1
597430.jpg,0
597511.jpg,1
597753.jpg,1
597876.jpg,1
598310.jpg,1
598446.jpg,1
598468.jpg,1
598862.png,1
598863.png,1
598950.png,1
599327.png,1
599395.png,1
599514.png,1
599530.png,1
599682.jpg,1
600151.png,1
600465.png,1
600749.png,1
601086.png,1
601138.png,1
601261.png,1
601295.png,1
601977.png,0
602051.jpg,1
602826.jpg,1
602918.jpg,1
603039.jpg,0
603099.jpg,1
603546.jpg,1
603620.png,1
603631.jpg,1
604060.png,0
604204.jpg,1
604243.png,1
604285.png,0
604796.jpg,1
604822.jpg,1
605076.jpg,1
605470.jpg,0
605579.jpg,1
605906.jpg,0
606066.jpg,1
606464.jpg,1
607056.png,1
607231.png,1
607296.png,1
607332.png,1
607988.png,1
608117.png,1
608189.jpg,1
608903.png,1
609141.jpg,1
609655.png,1
610529.png,1
610854.jpg,0
610910.jpg,0
611058.jpg,0
611093.jpg,1
611300.png,1
611419.png,1
611825.png,1
612089.png,0
612138.png,0
612232.jpg,1
612403.png,0
612858.jpg,1
613394.png,1
614036.jpg,1
614055.jpg,1
614148.jpg,1
614347.png,0
614533.jpg,1
614558.png,1
615379.jpg,1
616721.png,1
616991.png,1
617050.png,1
617399.jpg,0
617903.jpg,1
618201.jpg,0
618263.png,1
618711.png,1
618815.png,0
618930.jpg,0
619140.jpg,1
619559.png,0
619776.png,0
619906.png,0
620101.png,1
620418.png,1
620493.jpg,1
620756.png,0
621154.png,0
621239.jpg,1
621946.png,1
622079.jpg,1
622411.jpg,1
623143.png,1
623732.jpg,1
624215.png,1
624745.png,1
624788.png,1
625547.png,1
625807.png,1
625928.png,1
626709.png,1
627394.jpg,1
627535.jpg,1
627733.png,0
627803.png,0
628158.png,1
628417.png,0
628644.png,0
629335.png,1
629346.png,1
629658.jpg,0
629755.jpg,1
630188.jpg,1
630276.jpg,1
630434.jpg,1
630927.jpg,1
631708.jpg,1
632069.png,1
632114.png,1
632176.jpg,1
632756.png,0
632896.png,1
632933.png,1
632944.png,1
634398.png,1
634631.png,1
634728.png,0
635875.png,1
635922.png,0
635978.png,1
636013.png,1
636053.png,0
636260.png,0
636789.png,1
637130.jpg,1
637210.png,0
637246.png,1
637566.jpg,1
637795.jpg,0
638062.jpg,1
639622.jpg,1
640000.png,1
640420.png,1
640430.png,0
640594.jpg,1
640936.png,1
641179.png,1
641232.png,1
641249.png,1
641534.jpg,1
641549.png,1
641779.png,0
642395.png,1
642738.png,1
642971.png,0
643445.jpg,1
643534.png,1
643597.png,0
644234.png,1
644235.png,1
644896.png,0
645353.jpg,1
645591.jpg,1
645644.png,0
645844.jpg,1
646254.jpg,1
646556.jpg,1
647417.png,1
647711.png,1
647817.png,1
648358.jpg,1
648458.jpg,1
648559.jpg,1
648693.jpg,1
649131.png,1
649267.png,0
649284.png,1
649635.jpg,1
649914.png,1
649988.png,1
650204.png,1
650245.png,1
650293.jpg,1
650594.jpg,1
650685.png,0
651335.png,1
651691.png,1
651872.jpg,1
652032.jpg,0
652236.jpg,1
652520.png,1
652677.png,0
652855.png,0
653556.jpg,0
653773.jpg,0
654256.jpg,0
654262.jpg,0
654560.jpg,0
655044.jpg,1
655492.png,1
655595.png,1
655618.jpg,1
656123.png,1
656165.png,1
656398.jpg,1
657068.png,1
657490.jpg,1
657592.png,1
657688.jpg,1
657752.jpg,1
657844.png,1
658890.png,0
658931.jpg,1
658953.png,1
659141.jpg,1
659226.png,1
659292.png,1
660025.jpg,1
660187.jpg,0
660385.jpg,1
660984.png,1
661034.png,0
661234.png,1
661734.png,0
661766.jpg,1
662111.png,0
662301.jpg,1
662453.jpg,1
662818.jpg,1
663105.jpg,1
663263.jpg,1
663377.jpg,0
663507.jpg,1
663851.jpg,1
664100.jpg,1
664201.png,1
664361.jpg,1
664547.png,1
664569.jpg,1
664625.jpg,1
665770.png,1
665802.png,1
665962.png,1
666024.png,1
666521.png,1
666891.png,1
667165.png,1
667259.png,1
667735.jpg,0
667828.jpg,1
667953.png,0
668453.jpg,1
668588.jpg,1
669330.png,1
669508.png,0
669704.png,1
669713.png,0
669744.png,1
670023.png,1
670181.jpg,1
670206.jpg,1
670234.png,1
670311.png,1
670456.png,1
670624.jpg,1
670668.jpg,1
670824.png,1
671554.jpg,0
671885.jpg,1
672146.png,1
672373.png,1
672470.png,1
672620.jpg,1
672644.png,1
672810.png,1
673387.png,1
673595.jpg,1
673627.png,1
674162.jpg,1
674273.jpg,1
674289.png,1
674358.jpg,1
674415.png,1
674668.png,1
674708.png,1
674984.jpg,0
675262.jpg,1
675263.png,1
675600.png,1
675852.png,1
676474.jpg,1
676723.jpg,1
676724.jpg,1
677414.jpg,1
677734.png,0
677867.jpg,0
677962.jpg,1
678047.png,0
678095.jpg,1
678136.jpg,1
678353.png,1
678370.png,1
678560.jpg,0
678718.png,1
678840.png,1
679181.jpg,0
679669.png,1
680420.png,1
680425.jpg,1
680826.jpg,1
680882.png,1
680910.png,1
681904.jpg,1
682426.png,1
682734.png,1
682859.jpg,0
682864.png,1
682873.png,1
683405.png,1
683709.png,1
684020.png,1
684281.jpg,1
684463.jpg,1
685234.png,0
685524.png,1
685694.png,1
685697.png,0
686041.png,1
686284.png,1
687050.png,1
687134.jpg,0
687146.jpg,0
687162.jpg,1
687313.png,1
687683.jpg,1
687794.jpg,0
687861.png,0
688112.jpg,1
688420.png,1
688533.jpg,1
688734.png,1
688740.png,1
688865.jpg,1
688976.png,1
689170.jpg,1
689297.jpg,1
689413.png,1
689461.jpg,1
689589.png,1
689665.png,1
689792.png,1
689808.jpg,1
689883.png,1
690162.png,1
690405.png,1
690456.png,1
690620.png,1
690689.jpg,1
691887.png,1
692903.jpg,1
693013.jpg,1
693138.jpg,0
693192.jpg,1
693692.png,1
694110.png,0
694139.jpg,1
694412.png,1
694512.png,0
694521.jpg,1
694626.jpg,1
694774.png,1
694775.png,1
695297.jpg,1
695362.png,1
695454.jpg,0
695587.png,1
695924.png,0
696090.jpg,1
696332.jpg,1
696611.png,1
697417.png,1
697725.png,1
697754.jpg,1
697955.png,0
697959.png,1
698385.png,1
698517.png,1
698650.png,1
698812.png,1
698936.png,1
699285.png,1
699323.png,1
699920.jpg,1
700002.png,1
700160.png,1
700232.png,1
700257.png,1
700430.jpg,0
700535.jpg,1
701231.jpg,0
701358.jpg,1
701829.jpg,0
701926.jpg,1
702086.png,1
702167.png,0
702293.png,1
703794.jpg,1
703845.jpg,0
704039.jpg,1
704554.jpg,1
704559.jpg,1
704606.jpg,1
704693.png,1
704728.jpg,0
704921.png,1
705038.png,1
705151.png,1
705159.png,1
705481.png,1
705712.png,1
705903.png,1
706087.png,1
706189.png,1
706429.png,1
706604.png,1
706804.png,1
707158.png,1
707209.png,1
707219.jpg,1
707428.jpg,1
707480.jpg,1
707546.png,1
707713.jpg,1
707741.png,1
708321.png,1
708483.jpg,1
708770.png,1
708811.jpg,1
709300.jpg,1
710001.png,1
710199.png,0
710377.png,0
710397.jpg,1
710948.jpg,0
710964.png,0
711452.jpg,1
711503.jpg,0
711621.jpg,1
711862.jpg,1
712252.jpg,1
712264.jpg,1
712388.jpg,1
712608.jpg,1
712690.png,1
712946.jpg,0
713186.png,1
713261.jpg,1
713611.png,1
714076.jpg,1
714244.png,1
714301.png,1
714324.png,1
714341.jpg,1
714417.png,1
714434.png,0
714469.png,1
714513.jpg,1
714648.png,1
714712.png,1
716509.png,1
716656.png,1
717263.jpg,1
717409.jpg,1
717413.jpg,1
717679.jpg,1
717860.png,1
717978.png,1
718572.png,0
718573.png,1
718701.png,1
718863.png,0
719130.png,1
719138.png,0
719243.jpg,1
719318.jpg,1
719937.jpg,1
720374.jpg,1
720455.jpg,0
720554.jpg,0
720567.jpg,1
720681.jpg,1
721393.png,1
721743.png,1
721949.png,1
722150.jpg,1
722224.jpg,1
722315.jpg,1
722370.png,1
722544.png,1
723548.png,1
723746.jpg,1
723802.jpg,1
724138.png,1
724436.png,0
724518.png,1
724524.png,1
726000.png,1
726020.png,0
726353.png,0
726470.png,1
726967.jpg,1
727544.jpg,1
727572.jpg,1
727692.jpg,1
727817.png,1
728025.jpg,0
728157.jpg,1
728440.jpg,0
728461.jpg,0
728496.jpg,0
729355.jpg,1
730084.jpg,1
730444.png,1
730734.jpg,1
730795.png,1
731150.png,1
731364.png,1
731449.png,1
731531.png,1
731551.png,1
731612.png,1
731722.png,1
731949.png,1
732054.png,1
732085.png,1
732186.jpg,1
732232.jpg,1
732489.png,1
732606.png,1
732838.png,1
733288.png,1
733397.png,1
733646.png,1
733933.jpg,1
734084.jpg,1
734338.png,1
734344.png,0
734688.png,1
734767.jpg,1
734854.png,1
734873.png,1
734939.png,1
735068.png,1
735232.png,0
735415.png,0
735720.jpg,0
735846.jpg,0
735885.jpg,1
736010.png,0
736162.jpg,1
736301.jpg,0
736775.jpg,1
736777.jpg,1
736781.png,1
737011.jpg,1
737574.jpg,1
738286.jpg,1
738741.jpg,1
738837.jpg,1
738924.png,1
739242.png,1
739343.png,1
739344.png,1
739378.png,1
739379.jpg,1
739646.png,1
739927.jpg,1
740242.png,1
740412.jpg,1
740650.png,0
740703.png,0
740842.png,1
741271.png,1
741470.jpg,1
741656.png,0
742048.jpg,1
742299.jpg,1
742500.png,0
742855.png,0
743302.png,1
743336.png,1
743446.png,1
743885.jpg,1
744076.jpg,1
744459.jpg,1
744613.jpg,1
744682.jpg,0
745061.jpg,1
745933.jpg,1
746109.png,1
746222.png,1
746926.png,1
746944.jpg,1
746945.jpg,1
747048.jpg,1
747378.jpg,1
747400.jpg,1
748029.png,1
748037.png,1
748521.png,1
748869.png,1
748985.jpg,1
749115.jpg,1
749261.jpg,1
749370.png,1
749617.png,1
749618.png,1
749794.png,1
749922.jpg,0
750258.jpg,0
751347.png,0
751368.png,1
751906.png,0
752018.png,0
752051.jpg,1
752194.jpg,1
752708.jpg,1
752739.png,1
753228.jpg,1
753460.jpg,1
753512.jpg,1
753725.png,1
753861.png,1
753878.jpg,1
753966.png,1
754095.png,1
754329.jpg,1
754496.png,1
754662.png,1
754812.png,1
754989.png,1
755432.png,1
755635.png,1
755668.jpg,1
755959.png,1
756064.png,1
756606.png,1
757141.png,0
757246.png,1
758470.jpg,1
758714.jpg,0
758882.png,1
758895.png,0
759186.png,1
759222.png,1
760021.png,0
760075.png,0
760125.jpg,1
760373.jpg,0
760499.jpg,1
760545.jpg,1
760588.png,0
760608.png,1
760783.jpg,0
761001.jpg,1
761163.jpg,1
761478.png,1
762081.jpg,1
762411.png,1
762546.jpg,1
762617.jpg,1
763323.png,1
763570.jpg,1
764035.png,1
764039.jpg,0
764187.png,1
764322.png,1
764510.jpg,1
764610.png,1
764620.png,1
764804.png,1
764948.png,1
765329.jpg,1
765448.jpg,0
765541.png,1
765671.jpg,1
766531.jpg,0
766649.jpg,1
767088.jpg,1
767092.png,0
767418.png,1
767572.jpg,1
767612.png,0
768102.jpg,1
768448.png,0
769268.jpg,1
769431.jpg,0
769578.jpg,1
769659.jpg,0
769730.jpg,1
769775.jpg,0
769919.jpg,1
769971.jpg,1
770137.jpg,1
770435.jpg,1
770500.jpg,1
770510.png,1
770605.jpg,1
770620.png,1
770665.png,1
770773.jpg,1
771155.png,1
771207.jpg,1
771328.png,1
771411.jpg,1
771535.png,1
771613.png,1
771803.png,1
772082.jpg,1
772159.png,1
772191.png,1
772299.png,1
772532.png,1
772724.jpg,0
773153.png,1
773348.png,1
773519.jpg,1
773600.jpg,1
773800.png,1
773856.png,1
773969.jpg,1
774402.png,1
774894.jpg,1
775457.png,1
775523.png,0
775598.png,1
776039.png,1
776238.jpg,1
776346.png,0
776783.png,0
776905.jpg,1
777109.jpg,1
777123.jpg,1
777167.jpg,1
777501.jpg,1
777884.jpg,0
778857.jpg,1
778870.png,1
779131.jpg,1
779824.png,1
780029.png,0
780038.png,1
780248.png,1
780408.png,1
780790.png,1
780989.png,1
781126.png,1
781557.png,1
781996.png,1
782273.png,1
782570.png,1
783502.png,0
783590.png,1
783609.jpg,1
784082.png,1
784131.png,0
784340.jpg,0
784360.jpg,1
784869.jpg,1
784981.png,0
785045.jpg,1
785084.jpg,0
785089.jpg,0
785101.jpg,0
785295.jpg,1
785414.png,1
785817.jpg,0
786480.png,1
786778.jpg,1
786829.jpg,1
786874.png,1
786940.jpg,1
787097.png,1
787206.jpg,1
787217.png,1
787359.png,1
787545.png,1
787756.png,1
787788.jpg,1
788002.png,1
788758.png,1
789042.png,1
789645.png,1
789697.png,1
789711.jpg,1
789953.png,1
790398.png,1
790676.png,1
791325.jpg,0
791551.png,1
791702.jpg,0
791843.jpg,0
791912.png,1
791923.jpg,1
792306.png,0
792422.png,1
792917.jpg,0
792976.jpg,0
793155.png,1
793553.jpg,1
793626.jpg,0
794137.jpg,0
794277.png,0
794433.jpg,1
794682.jpg,1
794730.jpg,1
795385.png,1
795389.png,1
795449.png,1
795585.png,1
795635.jpg,1
795803.jpg,1
796366.png,0
796432.png,1
796566.png,1
796990.png,1
797252.png,1
797418.png,1
797439.jpg,1
797444.jpg,1
797827.jpg,1
797858.png,1
797999.jpg,1
798105.jpg,1
799064.jpg,1
799470.jpg,1
799616.jpg,1
799662.jpg,0
800059.jpg,1
800126.png,1
800239.png,1
800404.png,1
800462.png,0
800646.png,0
801431.jpg,0
801721.jpg,1
801743.jpg,1
801826.png,1
802112.jpg,1
802292.png,1
802432.png,1
803280.jpg,1
803415.png,1
803438.jpg,1
803525.png,1
803984.png,1
804030.png,1
804052.png,1
804679.jpg,1
804685.png,1
804733.png,0
804735.png,1
806066.png,1
806193.jpg,1
806621.png,1
806664.png,1
806853.png,1
807348.png,0
807403.jpg,1
807586.jpg,1
807661.jpg,0
808615.png,1
808786.png,1
808822.png,0
808927.jpg,1
809257.jpg,0
809335.jpg,1
809961.jpg,0
810521.jpg,1
810557.jpg,0
810646.jpg,1
810764.png,1
810771.jpg,0
811158.png,1
811604.jpg,1
811693.png,1
811886.png,1
811904.png,1
812088.jpg,1
812355.jpg,1
812472.jpg,1
812726.png,1
812831.png,1
812975.jpg,1
812997.png,1
813486.png,1
813555.png,1
813718.png,1
814004.png,1
814124.png,1
815753.jpg,1
815822.jpg,1
816031.jpg,1
816090.jpg,0
816116.png,1
816225.png,1
816347.jpg,1
816459.jpg,0
816553.png,1
816779.png,1
816788.png,1
816917.png,1
817009.jpg,0
817149.png,1
817191.jpg,1
817400.png,1
817713.png,0
817738.png,1
817852.jpg,0
817885.jpg,0
818249.jpg,1
818419.jpg,1
818842.jpg,1
818911.jpg,0
819275.jpg,1
819686.png,1
819801.png,1
820452.jpg,1
820528.png,1
820546.jpg,1
820661.jpg,1
820886.jpg,1
821044.png,1
821322.png,1
821477.png,1
821998.png,1
822813.png,1
822868.png,1
822914.png,1
823543.jpg,1
823748.png,1
823825.jpg,1
823996.jpg,1
824171.jpg,1
824238.jpg,0
824328.png,1
824706.png,0
824758.png,1
825027.png,0
825057.png,1
825581.png,1
825649.png,1
825726.png,1
825739.jpg,1
825978.jpg,1
826017.png,1
826053.jpg,1
826124.png,1
826238.png,0
826249.jpg,1
826342.png,1
826716.jpg,1
826852.png,0
827206.jpg,1
827247.png,0
827337.png,1
827521.jpg,1
827773.jpg,1
827841.png,1
827947.jpg,1
828166.jpg,1
828423.png,1
828642.png,1
828812.png,1
828854.png,1
829061.png,1
829310.png,1
829330.png,1
829560.png,1
830430.png,1
830972.png,1
831127.png,1
831660.png,1
831747.jpg,1
831770.png,1
832175.jpg,0
832218.jpg,0
832401.jpg,0
832478.jpg,1
832873.png,1
833124.png,0
833220.jpg,1
833510.png,0
833654.png,0
833733.png,1
834043.jpg,1
834247.jpg,0
834345.jpg,1
834421.png,0
835145.jpg,0
835647.jpg,1
836308.png,0
836426.png,1
836506.jpg,1
837233.png,1
837274.png,1
837369.jpg,1
837438.png,1
837850.png,1
837901.png,1
838061.png,1
838095.png,1
838203.png,1
838257.png,1
838325.png,1
838373.png,1
838788.png,1
838844.png,1
838864.png,1
839038.png,0
839469.png,1
839540.jpg,1
840482.jpg,1
840539.jpg,1
840603.jpg,1
840686.png,1
840711.png,1
840781.jpg,1
840799.jpg,1
840959.png,1
841406.png,0
841448.png,1
841576.jpg,1
842091.png,0
842109.png,1
842453.jpg,0
842844.jpg,1
843144.jpg,1
843210.png,1
843385.jpg,1
843470.jpg,0
843533.png,1
844032.jpg,1
844275.png,1
844461.jpg,1
844664.png,1
844826.jpg,1
845334.png,1
845367.jpg,1
845604.png,0
845666.png,1
845713.png,1
846011.png,1
846089.jpg,0
846268.jpg,1
846314.png,1
846870.png,1
847192.png,1
847243.png,1
847901.png,1
848042.png,1
849146.png,0
849368.png,1
849384.png,1
849681.png,0
849721.jpg,1
849772.jpg,1
850830.jpg,1
850974.jpg,0
851133.jpg,1
851654.png,0
851697.jpg,1
852245.jpg,1
852628.png,1
852636.png,1
852753.png,1
853040.jpg,1
853881.jpg,1
854268.png,1
854371.png,1
854507.png,1
854560.png,1
855478.jpg,1
855563.jpg,1
855620.png,1
856014.png,1
856626.jpg,1
857846.png,0
858044.png,0
858314.png,1
858382.png,1
858922.jpg,0
859055.jpg,1
859880.png,0
859969.jpg,0
861090.png,1
861170.png,1
861424.jpg,1
861919.png,1
862247.png,1
862379.png,1
862482.png,1
862529.png,1
862576.png,1
862582.png,1
862620.png,1
862922.png,1
862944.jpg,1
862986.jpg,1
863020.png,1
863138.jpg,1
863267.jpg,1
863345.png,1
863779.png,1
863828.png,0
864114.png,1
864771.png,0
865126.jpg,1
865375.png,1
865874.png,1
865894.png,0
865939.png,1
865974.png,1
866083.jpg,1
866136.png,0
866141.png,1
866165.png,1
867080.png,1
867084.png,1
867860.jpg,1
867938.jpg,1
868222.png,1
868252.png,1
868459.jpg,1
868701.jpg,1
868876.png,1
869043.png,1
869074.jpg,1
870312.png,1
870385.png,1
870387.jpg,1
870690.jpg,1
870834.jpg,1
871016.png,1
871345.png,1
871765.png,1
872385.png,1
873280.jpg,1
873299.jpg,1
873334.jpg,0
873444.png,1
873753.png,0
873810.png,1
873892.png,1
874189.png,1
874637.png,1
874763.png,1
874847.jpg,0
875058.png,1
875184.jpg,1
875236.png,1
875686.jpg,1
875844.png,1
875947.jpg,1
876131.png,1
876908.png,1
876918.jpg,1
877094.png,1
877146.png,1
877241.jpg,1
877308.png,1
877519.png,1
878482.png,1
879155.png,1
879253.png,1
879291.png,1
879478.jpg,1
879528.jpg,1
879550.jpg,1
880057.jpg,1
880307.png,1
880478.png,1
880509.png,1
880718.png,1
881308.jpg,1
881791.png,1
882148.png,1
882152.jpg,0
882432.png,0
883225.jpg,1
883257.png,1
883296.png,0
883519.jpg,0
883566.jpg,1
883649.jpg,1
883783.jpg,1
883900.jpg,1
883929.jpg,1
884566.jpg,1
884791.png,1
884847.jpg,1
884864.jpg,1
885078.jpg,1
885084.png,1
885817.png,1
885823.png,1
885952.jpg,1
885960.png,1
886434.png,1
886534.png,1
886752.jpg,1
887662.png,1
888111.png,1
888157.jpg,1
888178.png,1
888405.png,1
888499.jpg,1
888829.png,1
889314.png,1
889436.jpg,0
889781.jpg,1
890272.png,1
890442.png,1
890640.jpg,0
890834.png,0
891064.png,0
891284.jpg,1
891301.png,0
891337.jpg,1
891687.jpg,0
891801.jpg,1
892122.jpg,1
892455.jpg,0
893020.jpg,1
893103.png,0
893271.png,1
893656.png,1
893761.png,1
893808.png,1
894007.png,1
894276.jpg,1
894511.png,1
894623.png,1
894746.png,1
894898.png,1
894973.png,1
895018.png,1
895331.png,1
895356.png,1
895498.png,1
895550.jpg,1
895553.jpg,1
895691.png,1
895706.png,1
895861.jpg,1
896415.png,1
898241.png,1
898479.png,1
898524.png,1
898537.png,1
898598.png,0
898703.png,1
898807.png,1
898927.jpg,1
899095.jpg,1
899163.png,0
899215.png,0
899230.jpg,0
899308.png,1
899325.jpg,1
899456.jpg,1
899528.jpg,1
899821.jpg,1
899955.jpg,1
900139.jpg,1
900141.jpg,1
900635.png,1
900904.jpg,1
901253.jpg,1
901337.jpg,0
902366.png,1
902578.png,1
902761.png,1
902788.jpg,1
903280.png,1
903392.png,1
903612.jpg,1
903843.png,1
904022.png,1
904107.png,1
904286.jpg,1
904745.png,1
905638.png,1
906001.jpg,1
906083.jpg,1
906279.png,1
906571.png,1
906659.jpg,0
906741.png,1
907045.png,0
907250.png,1
907295.png,1
907440.png,1
907504.png,1
907626.jpg,1
907810.jpg,0
907963.jpg,1
908656.jpg,1
909008.png,1
909031.png,0
909111.jpg,1
909409.jpg,1
909988.png,1
910129.png,1
910884.png,1
910950.png,0
911094.png,1
911489.png,1
911523.png,1
911736.png,1
911742.png,1
911801.png,1
911838.png,1
911952.png,1
911990.png,1
911997.png,1
912014.png,1
912247.png,1
913203.png,1
913889.png,1
914168.jpg,1
914196.jpg,1
914406.png,0
914407.png,1
914494.png,1
914523.png,0
914553.png,1
915032.png,1
915400.png,1
915445.png,1
916069.png,0
916208.png,1
916358.jpg,1
917566.jpg,1
918233.png,1
918350.png,1
918736.png,1
919080.png,1
919204.png,1
919351.png,1
920038.png,1
920277.jpg,1
920316.png,1
920612.png,1
921018.png,1
921020.png,1
921258.png,1
921276.png,1
921364.png,1
921428.png,1
921457.png,1
921858.png,1
921960.jpg,1
922442.jpg,1
922925.jpg,1
923347.png,1
923503.png,1
923582.png,0
923929.png,1
924128.png,1
924133.jpg,1
924148.jpg,0
924468.jpg,1
924656.jpg,0
924673.jpg,1
924959.png,1
925767.jpg,1
925948.jpg,1
926164.png,1
926703.png,1
926721.jpg,0
927228.jpg,1
927864.png,1
927912.png,1
928178.png,1
928511.png,1
928735.png,1
928815.png,1
929000.jpg,1
929330.jpg,1
929933.jpg,1
930166.png,1
930403.jpg,0
930463.jpg,0
930619.jpg,1
931050.png,1
931100.png,1
931123.png,1
931146.png,0
931271.jpg,1
931557.png,1
931749.png,0
931991.jpg,1
932036.jpg,1
932454.jpg,1
932747.jpg,1
933072.jpg,0
933155.jpg,0
933186.png,1
933224.jpg,0
933700.jpg,0
933924.jpg,1
933979.jpg,1
934050.png,1
934065.jpg,1
934444.png,1
934556.png,1
934623.jpg,1
934725.png,1
934745.png,1
934755.jpg,1
934973.jpg,1
934981.jpg,1
935066.jpg,1
936153.png,1
936409.png,1
936456.png,1
936725.jpg,1
936804.jpg,1
936818.png,1
936934.png,1
936938.png,1
937031.png,1
937189.png,1
938174.png,1
938347.png,0
938949.jpg,1
939039.png,1
939297.png,1
939342.jpg,0
939617.png,1
939808.png,1
939848.jpg,1
940338.jpg,1
940457.jpg,0
940837.jpg,1
941191.jpg,1
941811.jpg,1
942223.jpg,1
942666.jpg,1
942885.png,1
942931.png,1
943066.jpg,1
943173.jpg,1
943407.jpg,1
943484.png,1
943697.png,1
943794.png,0
944185.png,1
944459.png,1
944619.png,1
944926.jpg,1
945008.png,1
945655.png,1
945749.png,1
946127.png,1
946923.jpg,1
947017.jpg,1
947071.jpg,0
947314.png,1
947432.png,0
947524.png,0
947648.png,1
948281.png,1
948437.jpg,1
949781.jpg,1
949995.jpg,0
950342.jpg,1
950664.jpg,1
950821.png,1
951277.png,1
951430.png,1
951832.png,1
952066.png,1
952170.png,1
952195.png,1
952267.jpg,1
952603.jpg,1
953106.png,1
953244.png,1
953252.png,1
953420.jpg,1
953540.png,1
953661.png,1
953813.png,1
953873.png,1
953903.jpg,1
954192.png,1
955224.jpg,0
955417.jpg,1
956032.png,1
956189.png,0
956256.jpg,0
956468.jpg,1
956671.png,0
956897.png,1
957011.png,1
957020.png,0
957036.png,1
957288.jpg,1
957319.jpg,0
957506.jpg,0
957623.jpg,1
958008.jpg,1
958034.jpg,1
958333.jpg,1
958386.jpg,1
958698.png,0
958837.png,1
958871.jpg,1
959418.jpg,1
959617.png,1
960021.jpg,1
960364.png,1
960389.png,1
960537.jpg,1
960858.png,1
960935.png,1
961098.png,1
961233.jpg,1
961260.jpg,1
961560.png,1
961772.png,1
961841.png,1
961871.png,1
963244.jpg,0
963264.jpg,1
963322.jpg,1
963517.jpg,0
963626.png,1
963882.jpg,1
963949.png,1
964614.png,1
964769.jpg,1
964791.jpg,1
964923.png,1
965010.jpg,1
965249.jpg,1
965280.jpg,1
965403.jpg,1
965658.png,0
965918.jpg,0
965954.png,0
966193.jpg,0
966408.jpg,1
966725.jpg,1
967016.png,1
967155.jpg,1
967547.jpg,1
968162.png,1
968394.png,0
968398.jpg,1
968769.png,1
968867.png,1
968902.png,1
969153.png,1
969559.png,1
969572.png,1
969580.jpg,1
969662.png,1
972951.png,1
973824.jpg,0
974055.jpg,0
974380.jpg,0
974382.jpg,1
974918.jpg,1
975792.png,1
975862.png,1
975972.png,1
976143.jpg,1
976301.png,0
976393.jpg,1
976502.jpg,1
976716.png,1
976908.jpg,1
977080.png,1
977171.png,1
978054.png,1
978568.png,1
978782.jpg,1
979777.jpg,1
979851.jpg,0
979973.png,0
980219.png,0
980227.png,0
980885.jpg,0
981049.jpg,1
981161.jpg,1
981638.jpg,1
981656.jpg,1
982053.jpg,0
982315.jpg,0
982451.jpg,1
982668.png,1
984111.png,1
984284.jpg,1
984433.jpg,1
984748.jpg,1
984814.png,1
985276.png,1
985301.jpg,1
985508.png,1
985680.png,1
985821.jpg,0
985851.png,1
985967.jpg,1
986091.png,1
986116.jpg,1
986559.jpg,1
986601.png,1
987201.png,1
987312.jpg,1
988533.png,1
988536.png,1
988781.png,1
988907.png,0
989038.png,1
989052.png,0
989081.png,1
989161.png,1
989180.png,0
989255.png,1
989283.png,1
989567.jpg,1
989841.jpg,1
990233.jpg,1
990527.jpg,1
990602.jpg,1
990726.jpg,0
991043.jpg,1
991510.jpg,1
991869.jpg,1
992265.png,1
992335.jpg,1
992456.png,1
992528.png,1
992560.jpg,1
992793.png,1
992848.jpg,1
992887.jpg,1
993212.jpg,1
993330.png,1
994045.png,1
994742.jpg,1
995061.png,1
995347.png,1
995906.jpg,0
997067.png,1
997166.png,1
997205.png,0
997441.png,0
998297.jpg,1
998306.png,1
998936.jpg,1
999251.jpg,1
999287.jpg,1
999472.png,1
999501.jpg,1
999848.jpg,1
999860.png,1
